ID1,ID2,Distance
GA00HHARS001656*,GA00HHARS001668*,0.00355932
GA00HHARS002033*,GA00HHARS002034*,0.00140815
